page,image_index_on_page,filename,caption,category_subfolder,output_path,image_hash,image_size_bytes
1,1,M103287148_SH2FDC_Custom_DTF_on_Kelly_Green.png,M103287148 SH2FDC Custom DTF on Kelly Green,tshirt/men,tshirt\men\M103287148_SH2FDC_Custom_DTF_on_Kelly_Green.png,d9f8b809e8f1b53d3c6896ee7d089260,24094
1,2,M103287376_SDNIET_Nietzsche_DTF_on_Kelly_Green.png,M103287376 SDNIET Nietzsche DTF on Kelly Green,tshirt/men,tshirt\men\M103287376_SDNIET_Nietzsche_DTF_on_Kelly_Green.png,fb84324be88820ad673b453c43d32550,26976
1,3,M103287462_SH2FDS_Custom_DTF_on_Steel.png,M103287462 SH2FDS Custom DTF on Steel,tshirt/men,tshirt\men\M103287462_SH2FDS_Custom_DTF_on_Steel.png,53a1361be052ab572c5b53b67eca6b90,31584
1,4,M103287559_SDFLNS_Flinch_DTF_on_Steel.png,M103287559 SDFLNS Flinch DTF on Steel,tshirt/men,tshirt\men\M103287559_SDFLNS_Flinch_DTF_on_Steel.png,83b361e2fae1fbdae4630d98335f97bc,35557
2,1,M103290394_SH2FDC_Jr_Custom_DTF_on_Black.png,M103290394 SH2FDC Jr Custom DTF on Black,tshirt/women,tshirt\women\M103290394_SH2FDC_Jr_Custom_DTF_on_Black.png,cb9d2863e1bcbaac16493d2c1530fbd5,21729
2,2,M103290611_SHOTDC_Jr_On_Track_DTF_on_Black.png,M103290611 SHOTDC Jr On Track DTF on Black,tshirt/women,tshirt\women\M103290611_SHOTDC_Jr_On_Track_DTF_on_Black.png,0159aa43013c5b76a3fe14abf97d64f8,21087
2,3,M103290731_SH2FDS_Jr_Custom_DTF_on_Steel.png,M103290731 SH2FDS Jr Custom DTF on Steel,tshirt/women,tshirt\women\M103290731_SH2FDS_Jr_Custom_DTF_on_Steel.png,bd8730929dbe5215d20da26f59f323da,25418
2,4,M103290996_SDDLAS_Jr_Dreamland_DTF_on_Steel.png,M103290996 SDDLAS Jr Dreamland DTF on Steel,tshirt/women,tshirt\women\M103290996_SDDLAS_Jr_Dreamland_DTF_on_Steel.png,f8ea064207a8a97ae2b0b3f7388b7fe1,30201
3,1,M103291637_SHE1CJ_Custom_Logo_Kelly_Green_Jacket.png,M103291637 SHE1CJ Custom Logo Kelly Green Jacket,jacket,jacket\M103291637_SHE1CJ_Custom_Logo_Kelly_Green_Jacket.png,310c79ab0fbc251f6f161b475abddab1,23811
3,2,M103291491_SHE1CJ_Custom_Logo_Kelly_Green_Jacket.png,M103291491 SHE1CJ Custom Logo Kelly Green Jacket,jacket,jacket\M103291491_SHE1CJ_Custom_Logo_Kelly_Green_Jacket.png,690c1b4d5b728c10e6b77ec968a61683,24232
3,3,M103297550_SHE1CJ_Custom_Logo_Black_Jacket.png,M103297550 SHE1CJ Custom Logo Black Jacket,jacket,jacket\M103297550_SHE1CJ_Custom_Logo_Black_Jacket.png,1b952de1b1c02d300610629e222a58ad,17917
3,4,M103292720_SHE1CJ_Custom_Logo_Black_Jacket.png,M103292720 SHE1CJ Custom Logo Black Jacket,jacket,jacket\M103292720_SHE1CJ_Custom_Logo_Black_Jacket.png,f7606d9feaecadd0bacd370f834351bc,16424
4,1,M103293017_SHPHDS_Custom_DTF_Steel_Pants.png,M103293017 SHPHDS Custom DTF Steel Pants,pants,pants\M103293017_SHPHDS_Custom_DTF_Steel_Pants.png,9688acc0a1265a5d4990a0203e1400db,26630
4,2,M103293136_SDSPSS_Custom_DTF_Side_Print_Shorts.png,M103293136 SDSPSS Custom DTF Side Print Shorts,shorts,shorts\M103293136_SDSPSS_Custom_DTF_Side_Print_Shorts.png,bf9bcc1948a25ae30c53bb27573e812d,36065
4,3,M103293295_SDSKSS_Skill_Check_DTF_Oxford_Shorts.png,M103293295 SDSKSS Skill Check DTF Oxford Shorts,shorts,shorts\M103293295_SDSKSS_Skill_Check_DTF_Oxford_Shorts.png,e6fcc76c87c00f547acb42e3ccf94960,33668
4,4,M103293879_SHE1CH_Custom_Kelly_Green_Hat.png,M103293879 SHE1CH Custom Kelly Green Hat,hat,hat\M103293879_SHE1CH_Custom_Kelly_Green_Hat.png,6389181136d38e19e4df2f70ede53512,21524
5,1,M103294617_SHE1CH_Custom_Gray_Hat.png,M103294617 SHE1CH Custom Gray Hat,hat,hat\M103294617_SHE1CH_Custom_Gray_Hat.png,dd99421b8fb01d94722ca658f8beec21,17539
5,2,M103296471_SELISH_Lightweight_Gray_Hat.png,M103296471 SELISH Lightweight Gray Hat,hat,hat\M103296471_SELISH_Lightweight_Gray_Hat.png,f7c4d95a263a4969c6d52493fe53869d,16626
5,3,M103294896_SHE2CB_Custom_Kelly_Green_Beanie.png,M103294896 SHE2CB Custom Kelly Green Beanie,beanie,beanie\M103294896_SHE2CB_Custom_Kelly_Green_Beanie.png,0fc2c055e0aea05f6f99de156621379c,21062
5,4,M103295096_SHE1CB_Custom_Kellly_Green_Beanie.png,M103295096 SHE1CB Custom Kellly Green Beanie,beanie,beanie\M103295096_SHE1CB_Custom_Kellly_Green_Beanie.png,fadbfcb62b1da3937fd496ffd749a588,21701
6,1,M103295192_SHE1CB_Custom_Gray_Beanie.png,M103295192 SHE1CB Custom Gray Beanie,beanie,beanie\M103295192_SHE1CB_Custom_Gray_Beanie.png,991ad316776f21d2585b3e3c97527436,19133
6,2,M103295333_SHE1CB_Custom_Gray_Beanie.png,M103295333 SHE1CB Custom Gray Beanie,beanie,beanie\M103295333_SHE1CB_Custom_Gray_Beanie.png,6b7a0f8247967acfa1fdd784fc986787,17495
6,3,M103293339_SS8052_Custom_Logo_Socks.png,M103293339 SS8052 Custom Logo Socks,socks,socks\M103293339_SS8052_Custom_Logo_Socks.png,24ebf0eca0639d74de437d3d61d6f8a3,29383
6,4,M103467569_SHPLUD_Custom_DTF_Plush.png,M103467569 SHPLUD Custom DTF Plush,plush,plush\M103467569_SHPLUD_Custom_DTF_Plush.png,4b6e33a296ac5008623dc24c8e2d1a46,35632
7,1,M103467678_SDBAPA_Custom_DTf_Back_Pack.png,M103467678 SDBAPA Custom DTf Back Pack,tshirt/men,tshirt\men\M103467678_SDBAPA_Custom_DTf_Back_Pack.png,90de2913a3fe0288620845194e99a4c7,30485
7,2,M103467322_SHSTPK_Custom_Logo_Sticker_Pack.png,M103467322 SHSTPK Custom Logo Sticker Pack,sticker,sticker\M103467322_SHSTPK_Custom_Logo_Sticker_Pack.png,2b4fc09cdd8d951294fd41da5999498f,55335
7,3,M103293417_SHWBUV_Custom_Logo_Water_Bottle.png,M103293417 SHWBUV Custom Logo Water Bottle,bottle,bottle\M103293417_SHWBUV_Custom_Logo_Water_Bottle.png,653ce4d4f715c08cd541f987bfcf252f,39849
7,4,M103293585_SHSSUV_Stainless_Steel_Water_Bottle.png,M103293585 SHSSUV Stainless Steel Water Bottle,bottle,bottle\M103293585_SHSSUV_Stainless_Steel_Water_Bottle.png,47fb650b21258888a32d3804a4633c90,29324
8,1,M103296942_SHWGCH_Custom_PFD_Header_Card.png,M103296942 SHWGCH Custom PFD Header Card,signage,signage\M103296942_SHWGCH_Custom_PFD_Header_Card.png,25b75800b2a53922353d2de81f0eb118,21585
8,2,M103297095_SHWGCS_Custom_Spinner_Header_Card.png,M103297095 SHWGCS Custom Spinner Header Card,signage,signage\M103297095_SHWGCS_Custom_Spinner_Header_Card.png,562707c442346284eff5c232733370bd,39359
8,3,M103490861_SHMH23_Custom_3ft_Shelf_Magnet.png,M103490861 SHMH23 Custom 3ft Shelf Magnet,banner,banner\M103490861_SHMH23_Custom_3ft_Shelf_Magnet.png,054362b231037e8368f3c11b778b0162,26494
8,4,M103490425_SHMH24_Custom_4ft_Shelf_Magnet.png,M103490425 SHMH24 Custom 4ft Shelf Magnet,banner,banner\M103490425_SHMH24_Custom_4ft_Shelf_Magnet.png,b7ab8c5191d852d2276b4a21810ddf2c,23314
